id,wafer_id,device_name,vth,leakage,log_leakage,cluster_label,is_anomaly,anomaly_score
1,1,DIE001,0.72,1.2e-09,-8.920818753952375,2,0,0.0798111217462017
2,1,DIE002,0.69,8.5e-10,-9.070581074285707,1,0,0.0
3,2,DIE001,0.75,1.5e-09,-8.823908740944319,0,0,0.0324061059779478
4,1,DIE001,0.72,1.2e-09,-8.920818753952375,2,0,0.0798111217462017
5,1,DIE002,0.69,8.5e-10,-9.070581074285707,1,0,0.0
6,2,DIE001,0.75,1.5e-09,-8.823908740944319,0,0,0.0324061059779478
